{
  "mainAssemblyName": "TrJsonManager",
  "resources": {
    "hash": "sha256-4Q6ES6QjCCEkQiBNYWN9UaQvD4/5fAZIa8oUwBbTQF4=",
    "jsModuleNative": {
      "dotnet.native.js": "sha256-pQdXuxfVeqYHOwd5HUM2ERd7OnXirj9JTF37b6OdTAc="
    },
    "jsModuleRuntime": {
      "dotnet.runtime.js": "sha256-Isv/63htfX73xgn3/2cZMtk4S8xBcbmlXRgJMDv4mhI="
    },
    "wasmNative": {
      "dotnet.native.wasm": "sha256-6fprjjfQGsopiMetOMnTFT7N83KgQiUia8r8F1s/HUI="
    },
    "icu": {
      "icudt_CJK.dat": "sha256-SZLtQnRc0JkwqHab0VUVP7T3uBPSeYzxzDnpxPpUnHk=",
      "icudt_EFIGS.dat": "sha256-8fItetYY8kQ0ww6oxwTLiT3oXlBwHKumbeP2pRF4yTc=",
      "icudt_no_CJK.dat": "sha256-L7sV7NEYP37/Qr2FPCePo5cJqRgTXRwGHuwF5Q+0Nfs="
    },
    "coreAssembly": {
      "System.Runtime.InteropServices.JavaScript.wasm": "sha256-aBRJfPKhw/iL7CjlvetfKmPRKwQ1yZQqCeNMa2RgXfc=",
      "System.Private.CoreLib.wasm": "sha256-oosC3zdbHWdHDWGTePTdjfLZI8zCZboglARE8918i0o="
    },
    "assembly": {
      "Blazor.BrowserExtension.wasm": "sha256-x6AH+eF964c+Fm8PZ7KCuizTbB53dOppaDIYcIfUie4=",
      "JsBind.Net.wasm": "sha256-4R9yP5jF4kp/8BsEj8c01U+i3ePp02lTV76vF7pdKjg=",
      "JsBind.Net.Extensions.DependencyInjection.wasm": "sha256-XlsOpFmZdXW0tocTH4AJgWZlySqEXmZbLLvuYKrf4ns=",
      "Microsoft.AspNetCore.Components.wasm": "sha256-7QcDAvJ78a/vLNCzcO3fexIEgTWr+k/RomkykbR2t7g=",
      "Microsoft.AspNetCore.Components.Web.wasm": "sha256-cbuzBLlhWf6xD+64XSE2NchuWUb4yXujlsxpUgUXrSI=",
      "Microsoft.AspNetCore.Components.WebAssembly.wasm": "sha256-h2Y1Yac+as2lYyG6Sei0E5MXSUS5LGqKII1WEeL7r+E=",
      "Microsoft.Extensions.Configuration.wasm": "sha256-AfgiKXj2TZbhvV4OmBVd8zf36SdWtLxp9dIGGJ3QRbY=",
      "Microsoft.Extensions.Configuration.Abstractions.wasm": "sha256-SvqIqLTJFeFnn2GyYARDkqvF//mAgsCnCMAO0bMqo60=",
      "Microsoft.Extensions.Configuration.Json.wasm": "sha256-X+g8Y9v8Xs3DURC3DvFf0BXk5Ll4hWN5k4Oc+3lBALE=",
      "Microsoft.Extensions.DependencyInjection.wasm": "sha256-rW0muBNtI+FY/WA4kKZ6KaamvExUL3czb1N7sbPc6K4=",
      "Microsoft.Extensions.DependencyInjection.Abstractions.wasm": "sha256-DBHxdSLRdJAjmnucwENKkCN8tE0nyQE87SQh+lKlOi0=",
      "Microsoft.Extensions.Logging.wasm": "sha256-/lATVMaxjrO/7QTYnmE50qdHvr8l76pNE9v29HGzLeA=",
      "Microsoft.Extensions.Logging.Abstractions.wasm": "sha256-Sd/QuJbpZ5HmPGlArfPAzwi54qMUSYlcnVrdjPuUyWk=",
      "Microsoft.Extensions.Options.wasm": "sha256-iE5IdsswZs+bzrBrYg+UZn83ARwJL0gCmIz92diTNH8=",
      "Microsoft.Extensions.Primitives.wasm": "sha256-L5NQ4Q3qCOQCVq4fdxJDVX9+tmbCgm5IufwAOUFf37o=",
      "Microsoft.JSInterop.wasm": "sha256-t6nOThjp2chSs7kGuUZLviZBOo5dQFkeNUpukABqiNY=",
      "Microsoft.JSInterop.WebAssembly.wasm": "sha256-EzPimVxYUyvc5hlmFOvopAur+oDc/0DNCvYv9ReoU70=",
      "Newtonsoft.Json.wasm": "sha256-GlXMWKvDs45M2pACoR3Y4Qh8mcrOZGljqmvJY+6JZ5s=",
      "WebExtensions.Net.wasm": "sha256-NwK9K+bDCHuAbWx1z3r/YFhlNxZ4S2kQyQLd7xTHujo=",
      "WebExtensions.Net.Extensions.DependencyInjection.wasm": "sha256-M3HuhRTFCYEbjLhEnhTzYlcfKfxYx7zJqX/cTmx8Xog=",
      "Microsoft.CSharp.wasm": "sha256-9EiIVnqI6KfxnpLkLUiSRcAbsbmXobE9P9fLakOCFAU=",
      "System.Collections.Concurrent.wasm": "sha256-ABPWaoKabEDDTprqZ2RQSUeh4uRn7iedWBihoujIXPw=",
      "System.Collections.Immutable.wasm": "sha256-foOLRVrM6N2w69CPJCuerkqTotB5MHa3M6iktSrgMOU=",
      "System.Collections.NonGeneric.wasm": "sha256-c3MAHSYmWc6ZWUJz0imfNqHRcwlzDZvJ2qtunJbhGrE=",
      "System.Collections.Specialized.wasm": "sha256-3vun4f0PviWk1AyuccbuUNiVh1phOEtlSDOKeGpFl1M=",
      "System.Collections.wasm": "sha256-pS52NfpBFS19zowU93nest3KCN+1Di2M5rUK1nx9d1E=",
      "System.ComponentModel.Primitives.wasm": "sha256-HQrK/ZKkNx5nwuUklJQE7nDel8vJ84v4pQUoKrkCb1o=",
      "System.ComponentModel.TypeConverter.wasm": "sha256-1vo7Sf6WQK/NcdxfHtIz1rdzr4vbmguM/BLXNMYQ4aA=",
      "System.ComponentModel.wasm": "sha256-dxCsRhC+x+3vw3jeXQpGTpJ5IUTwSTlrWwdr/v707Qs=",
      "System.Console.wasm": "sha256-BAVG3kXDT7sAfBJqGUhDpq21JAUP8s6B/NIk1YmFad4=",
      "System.Data.Common.wasm": "sha256-1jXeIybSARdfrVvUhIzYzxEN8siUMqx7+ccveufBvA8=",
      "System.Diagnostics.DiagnosticSource.wasm": "sha256-c+dqhNgIRU2BAAGt79t49cUNPTw1VS2xvbm2e3VsW4g=",
      "System.Diagnostics.TraceSource.wasm": "sha256-XB3dNN/HQVtvo0wPN4CSSdElpZz4S3cGGYVQXH7uUJk=",
      "System.Drawing.Primitives.wasm": "sha256-Dg2uHjSd1L4UrH7gy/qhwExVlqdKTFYn/C/r2xmQVRQ=",
      "System.Drawing.wasm": "sha256-Ej5CbdGQVpcK2/j+cvjvK5FkC46u1cBZCZyOxmX97SI=",
      "System.IO.Pipelines.wasm": "sha256-H1CHBmaAMS4PKAPtP+BRNwndUH6Sgof2IjdMGHxUFvI=",
      "System.Linq.Expressions.wasm": "sha256-EmV2qfn92kb2PGtKelE9nPX27nzekoHLvqmr5paXJvI=",
      "System.Linq.wasm": "sha256-ftfFodCmFh7jtb8Q6uYv4Yg9wh6YV0NAQkYYy1V6uFw=",
      "System.Memory.wasm": "sha256-cjIYuHtH0I+txGp3MEja4jfEGxvdiaPO2b6R/fM95U8=",
      "System.Net.Http.wasm": "sha256-EltVhg7sJVyNQBMWacsq8ows7nu3dOqPpT9DrC8oMp4=",
      "System.Net.Primitives.wasm": "sha256-VqluKffy/OTxept04cce4C+kkbZ4i0cm7j+US0qVijA=",
      "System.ObjectModel.wasm": "sha256-bJgQUE80KrBXcDPpy8aMhlV5h9fOgVs3emRMJRXe5jI=",
      "System.Private.Uri.wasm": "sha256-W85g/PvyXtiQyHng4id5CSSgy8i6Nwoe8k1Rr2sY9XA=",
      "System.Private.Xml.Linq.wasm": "sha256-jvImLu7w9dweBVh921WOgJXx0pxx1jUIfc6QFPAg7T4=",
      "System.Private.Xml.wasm": "sha256-Tjsrxq3ZznE2Y2ayjPzaO/J3yKjTg1hlWojJyc415pk=",
      "System.Reflection.Emit.ILGeneration.wasm": "sha256-3snP6kZEPFvzlZrM17f9mWDm1qY59hWPl0ihr9gbevk=",
      "System.Reflection.Emit.Lightweight.wasm": "sha256-33EXf4KMiSgMegI0Ba3RYQByERIDBpAA5OgSCt8krZI=",
      "System.Reflection.Primitives.wasm": "sha256-2dV9S55cS+mv2Kd99hDd8lzWYmydkerhSvxZ2ZyRnjA=",
      "System.Runtime.InteropServices.wasm": "sha256-I/zxDUqkrBHfM04GMRLrpEK925JOkRV9W6YTAaQyjnY=",
      "System.Runtime.Numerics.wasm": "sha256-NZKFk0/uRGmRu7weesVW7qs/y2R37ruC9SEXfoLLqqY=",
      "System.Runtime.Serialization.Formatters.wasm": "sha256-T5mzqb1/HNnxpAzrbwvPBRT3F29iW6gHcew/LmOawoE=",
      "System.Runtime.Serialization.Primitives.wasm": "sha256-fuUFR4Vt8MMaX81++Ei8Ua1fCByU26lFuUUv/lCFHaM=",
      "System.Runtime.wasm": "sha256-WucFtrR0NMiV/nWlzHVWjZVMoW6rhNDfUh2os/R8gzk=",
      "System.Security.Cryptography.wasm": "sha256-FwyHYUAjFWQ0Iu9/3AmwFAXQmJ8NvfYobo8lE2113QU=",
      "System.Text.Encoding.Extensions.wasm": "sha256-JlxHKarOmy6WMiu2nr+aS/4guWuYkL7H9PvZb+BwmOE=",
      "System.Text.Encodings.Web.wasm": "sha256-1pYnog+hAQYG5AmoN8yPu2sN7VE8tXMsT6EUst0eUEo=",
      "System.Text.Json.wasm": "sha256-c+TVNbKIkdYqvLt0/vDEBFBtWwIhEWwVyyskRJjVB1w=",
      "System.Text.RegularExpressions.wasm": "sha256-m8ay6f02j0k3dCh7WaAVNYZAAtBI9ka/unF4LgzQsqg=",
      "System.Threading.wasm": "sha256-blkYZVRYcnF5Ys7rzkcYDs881jFCETmY+NraHBVOF94=",
      "System.Xml.Linq.wasm": "sha256-JuEj9dfBl39fqnbzXBS6GXngjNI7jj2ZEY6HaVcdW4U=",
      "System.Xml.ReaderWriter.wasm": "sha256-QsfuylLK80scMlDlvfAgGMh3/e18aGzR1NC46uo7aoA=",
      "System.Xml.XDocument.wasm": "sha256-wm78cmVWNkRxaGYF5J2yg5jbuR1qk/2XVrpGxxsjdHA=",
      "System.wasm": "sha256-jdi196RMQvJqOZVnwRK7DGSWJifChhgNljcOjGeHSUY=",
      "TrJsonManager.wasm": "sha256-bSDOR5JzsmvPWa+WoydDrupirtOvVI0mopSN3BtDZVg="
    },
    "libraryInitializers": {
      "content/JsBind.Net/JsBind.Net.lib.module.js": "sha256-L3u8ZS5dkFKeD+PuFqlMjtoiV5pRphoBKmCKqG/damc=",
      "content/Blazor.BrowserExtension/Blazor.BrowserExtension.lib.module.js": "sha256-vzZAZ+JQnMvIplGqBykhnHpagdrV/jZLisjvS+kQXbM="
    },
    "modulesAfterConfigLoaded": {
      "../content/JsBind.Net/JsBind.Net.lib.module.js": "sha256-L3u8ZS5dkFKeD+PuFqlMjtoiV5pRphoBKmCKqG/damc=",
      "../content/Blazor.BrowserExtension/Blazor.BrowserExtension.lib.module.js": "sha256-vzZAZ+JQnMvIplGqBykhnHpagdrV/jZLisjvS+kQXbM="
    }
  },
  "debugLevel": 0,
  "linkerEnabled": true,
  "globalizationMode": "sharded",
  "extensions": {
    "blazor": {}
  }
}