{
  "mainAssemblyName": "TrMdManager",
  "resources": {
    "hash": "sha256-uLFbFjAkhSS76Md7Gv2MkezwPVmmdCDfGI+8sHLfVuY=",
    "jsModuleNative": {
      "dotnet.native.js": "sha256-pQdXuxfVeqYHOwd5HUM2ERd7OnXirj9JTF37b6OdTAc="
    },
    "jsModuleRuntime": {
      "dotnet.runtime.js": "sha256-Isv/63htfX73xgn3/2cZMtk4S8xBcbmlXRgJMDv4mhI="
    },
    "wasmNative": {
      "dotnet.native.wasm": "sha256-6fprjjfQGsopiMetOMnTFT7N83KgQiUia8r8F1s/HUI="
    },
    "icu": {
      "icudt_CJK.dat": "sha256-SZLtQnRc0JkwqHab0VUVP7T3uBPSeYzxzDnpxPpUnHk=",
      "icudt_EFIGS.dat": "sha256-8fItetYY8kQ0ww6oxwTLiT3oXlBwHKumbeP2pRF4yTc=",
      "icudt_no_CJK.dat": "sha256-L7sV7NEYP37/Qr2FPCePo5cJqRgTXRwGHuwF5Q+0Nfs="
    },
    "coreAssembly": {
      "System.Runtime.InteropServices.JavaScript.wasm": "sha256-wqfILadLLKdooVusvPcbEZBkeJ+9Yu23S7S8YQQEyLY=",
      "System.Private.CoreLib.wasm": "sha256-mW7R0sRI4QAy1YbcpeRDE37CV5KC9TnXT8yFj7rnPJs="
    },
    "assembly": {
      "Blazor.BrowserExtension.wasm": "sha256-x6AH+eF964c+Fm8PZ7KCuizTbB53dOppaDIYcIfUie4=",
      "JsBind.Net.wasm": "sha256-4R9yP5jF4kp/8BsEj8c01U+i3ePp02lTV76vF7pdKjg=",
      "JsBind.Net.Extensions.DependencyInjection.wasm": "sha256-XlsOpFmZdXW0tocTH4AJgWZlySqEXmZbLLvuYKrf4ns=",
      "Markdig.wasm": "sha256-Jv9S5coLP28fMUd+sd72uOfd5e3pWx+IFMRNtR/lykc=",
      "Microsoft.AspNetCore.Components.wasm": "sha256-gHFhjwLzMmCWWGSkMud0JuDg9wLKuSyH7ivOfWyGaqI=",
      "Microsoft.AspNetCore.Components.Web.wasm": "sha256-K1wuA8fdZe4sBCbhr5dltHaHlvzUG+8sAf8GYqwGfts=",
      "Microsoft.AspNetCore.Components.WebAssembly.wasm": "sha256-h2Y1Yac+as2lYyG6Sei0E5MXSUS5LGqKII1WEeL7r+E=",
      "Microsoft.Extensions.Configuration.wasm": "sha256-AfgiKXj2TZbhvV4OmBVd8zf36SdWtLxp9dIGGJ3QRbY=",
      "Microsoft.Extensions.Configuration.Abstractions.wasm": "sha256-SvqIqLTJFeFnn2GyYARDkqvF//mAgsCnCMAO0bMqo60=",
      "Microsoft.Extensions.Configuration.Json.wasm": "sha256-X+g8Y9v8Xs3DURC3DvFf0BXk5Ll4hWN5k4Oc+3lBALE=",
      "Microsoft.Extensions.DependencyInjection.wasm": "sha256-rW0muBNtI+FY/WA4kKZ6KaamvExUL3czb1N7sbPc6K4=",
      "Microsoft.Extensions.DependencyInjection.Abstractions.wasm": "sha256-DBHxdSLRdJAjmnucwENKkCN8tE0nyQE87SQh+lKlOi0=",
      "Microsoft.Extensions.Logging.wasm": "sha256-/lATVMaxjrO/7QTYnmE50qdHvr8l76pNE9v29HGzLeA=",
      "Microsoft.Extensions.Logging.Abstractions.wasm": "sha256-Sd/QuJbpZ5HmPGlArfPAzwi54qMUSYlcnVrdjPuUyWk=",
      "Microsoft.Extensions.Options.wasm": "sha256-iE5IdsswZs+bzrBrYg+UZn83ARwJL0gCmIz92diTNH8=",
      "Microsoft.Extensions.Primitives.wasm": "sha256-L5NQ4Q3qCOQCVq4fdxJDVX9+tmbCgm5IufwAOUFf37o=",
      "Microsoft.JSInterop.wasm": "sha256-t6nOThjp2chSs7kGuUZLviZBOo5dQFkeNUpukABqiNY=",
      "Microsoft.JSInterop.WebAssembly.wasm": "sha256-EzPimVxYUyvc5hlmFOvopAur+oDc/0DNCvYv9ReoU70=",
      "WebExtensions.Net.wasm": "sha256-NwK9K+bDCHuAbWx1z3r/YFhlNxZ4S2kQyQLd7xTHujo=",
      "WebExtensions.Net.Extensions.DependencyInjection.wasm": "sha256-M3HuhRTFCYEbjLhEnhTzYlcfKfxYx7zJqX/cTmx8Xog=",
      "System.Collections.Concurrent.wasm": "sha256-XPy4wMQcNeIPjKHuCchUx7qxdqrrecREesr3aSZk0XU=",
      "System.Collections.Immutable.wasm": "sha256-DgY+QCGfH4q0ih9nEhpMU+RjBk5AIpEvJ5PNRCKyzbE=",
      "System.Collections.wasm": "sha256-ygjQGCcvoZ4lY+PNQmiqE17TlTVPeCXhVKuF+koGgk0=",
      "System.ComponentModel.wasm": "sha256-5inQh8bubMrlto3Kwxx9iM27KpcXN8152RWX745jLso=",
      "System.Console.wasm": "sha256-SLHWAZRtjOig7TgZg3tKJ9+2Kw8z7WpQYugXkyu0zwA=",
      "System.IO.Pipelines.wasm": "sha256-H1CHBmaAMS4PKAPtP+BRNwndUH6Sgof2IjdMGHxUFvI=",
      "System.Linq.Expressions.wasm": "sha256-nODzsXzzALAp++ILzVCzhDNGsDcmnhXKOxc05+vsfjY=",
      "System.Linq.wasm": "sha256-1/GFqCpDVqNqtJPj62DNoPjKvg1DMzJUIEgojm3ACWs=",
      "System.Memory.wasm": "sha256-RHnnsE55w2SBqqRcciC8scS2dQRy1gz4EiVG0uwwJGA=",
      "System.Net.Http.wasm": "sha256-MuIBShdkd3uBiCmENmDEXcV3gM9ETKBrgfOBbG7pucw=",
      "System.Net.Primitives.wasm": "sha256-pSdnjYgJc+hNq1q/ZNeofRaYvOCBNL1mHFHoF/j+a8Y=",
      "System.Private.Uri.wasm": "sha256-j9ZKxE5QibcAnu5U+tEIZrP74K8KRLb54yYMTsLhSj4=",
      "System.Runtime.InteropServices.wasm": "sha256-hkCabrRRk0JH7gM0ucLlt1tj9EkAWdcQF+ZWKdJ/omw=",
      "System.Runtime.wasm": "sha256-KkKdh9SNZ1+q6vvvtv92GWSfxOAB2rAbxdx49F9YCHs=",
      "System.Text.Encodings.Web.wasm": "sha256-1pYnog+hAQYG5AmoN8yPu2sN7VE8tXMsT6EUst0eUEo=",
      "System.Text.Json.wasm": "sha256-3ZoiU1SvM4DGy+iBCrqROvyBeRe7hsMJrycwzdX86sI=",
      "System.Text.RegularExpressions.wasm": "sha256-55RqmSc8PBf0V4EnZEs51e+0eYwtERjs4M8VN5SaGVA=",
      "System.Threading.wasm": "sha256-blkYZVRYcnF5Ys7rzkcYDs881jFCETmY+NraHBVOF94=",
      "TrMdManager.wasm": "sha256-yYPeOvDRiVtWKExSZVqo+TLgygT6dJblU9nBNEk7KQ4="
    },
    "libraryInitializers": {
      "content/JsBind.Net/JsBind.Net.lib.module.js": "sha256-L3u8ZS5dkFKeD+PuFqlMjtoiV5pRphoBKmCKqG/damc=",
      "content/Blazor.BrowserExtension/Blazor.BrowserExtension.lib.module.js": "sha256-vzZAZ+JQnMvIplGqBykhnHpagdrV/jZLisjvS+kQXbM="
    },
    "modulesAfterConfigLoaded": {
      "../content/JsBind.Net/JsBind.Net.lib.module.js": "sha256-L3u8ZS5dkFKeD+PuFqlMjtoiV5pRphoBKmCKqG/damc=",
      "../content/Blazor.BrowserExtension/Blazor.BrowserExtension.lib.module.js": "sha256-vzZAZ+JQnMvIplGqBykhnHpagdrV/jZLisjvS+kQXbM="
    }
  },
  "debugLevel": 0,
  "linkerEnabled": true,
  "globalizationMode": "sharded",
  "extensions": {
    "blazor": {}
  }
}